{
    "action_mean": [
        0.6003767635716671,
        0.006087401135768662,
        0.14338543560669378,
        0.03327968168486091
    ],
    "action_std": [
        0.020630300339699332,
        0.057207095824573784,
        0.07615636586403059,
        0.038187497968079645
    ],
    "action_min": [
        0.4596,
        -0.08542,
        0.07382,
        0.0
    ],
    "action_max": [
        0.6506,
        0.09117,
        0.46817000000000003,
        0.08
    ],
    "qpos_min": [
        0.46209364440160783,
        -0.07653612513877951,
        0.07924483649959334,
        0.0
    ],
    "qpos_max": [
        0.6397295486343592,
        0.0860565898194491,
        0.47325067647887226,
        0.08
    ],
    "qpos_mean": [
        0.6000979303223437,
        0.005707658668527985,
        0.14608433112540778,
        0.0
    ],
    "qpos_std": [
        0.02300480211574028,
        0.05535096406565163,
        0.08236979082784435,
        0.01
    ],
    "gelsight_mean": [
        0.7246641516685486,
        0.054060790687799454,
        -0.5261366963386536
    ],
    "gelsight_std": [
        0.9077299237251282,
        1.1058820486068726,
        1.0548694133758545
    ]
}