{
    "action_mean": [
        0.6023867205752235,
        -0.0023196247603464114,
        0.14281050541000867,
        0.032733673482891586
    ],
    "action_std": [
        0.029079878018080967,
        0.07764085723931217,
        0.0727846537530492,
        0.037848825860320796
    ],
    "action_min": [
        0.5367299999999999,
        -0.14602,
        0.06889,
        0.0
    ],
    "action_max": [
        0.6825399999999999,
        0.13401,
        0.41872000000000004,
        0.08
    ],
    "qpos_min": [
        0.5414449227974493,
        -0.14046411816044704,
        0.07617677909092851,
        0.0
    ],
    "qpos_max": [
        0.6747686898255334,
        0.1306944921017732,
        0.42054992226279064,
        0.08
    ],
    "qpos_mean": [
        0.6040775657384994,
        -0.0018565294276697943,
        0.14664654331815286,
        0.0
    ],
    "qpos_std": [
        0.028139824401570878,
        0.07636346827503994,
        0.07803250573924862,
        0.01
    ],
    "gelsight_mean": [
        0.8064924478530884,
        -0.005857612006366253,
        -0.15933437645435333
    ],
    "gelsight_std": [
        1.175346851348877,
        1.26029372215271,
        1.1266776323318481
    ]
}